source,code,name,brand,normalized_name,unit,packing,size,capacity,price,price_after_promotion,promotion,url,note,crawl_date,product_key
megamarket,,"Bia Tiger Crytal, thùng 24 lon, 330ml",Tiger,bia tiger crytal thung 24 lon 330ml,Thùng,24,,330ml,393000,393000,,https://online.mmvietnam.com/product/bia-tiger-crytal-thung-24-lon-330ml.html,,2025-11-22,TIGER_330ML_24
megamarket,,"Bia Tiger Sleek, thùng 24 lon, 330ml",Tiger,bia tiger sleek thung 24 lon 330ml,Thùng,24,,330ml,352000,340000,3%,https://online.mmvietnam.com/product/bia-tiger-sleek-330ml-thung-24-lon.html,,2025-11-22,TIGER_330ML_24
megamarket,DA53720045,"Bia Heineken Silver, thùng 24 lon, 330ml",Heineken,bia heineken silver thung 24 lon 330ml,Thùng,24,,330ml,451000,451000,,https://online.mmvietnam.com/product/bia-heineken-silver-thung-24-lon-330ml.html,,2025-11-22,HEINEKEN_330ML_24
megamarket,,"Bia Heineken Silver, thùng 24 lon, 250ml",Heineken,bia heineken silver thung 24 lon 250ml,Thùng,24,,250ml,360000,360000,,https://online.mmvietnam.com/product/bia-heineken-silver-thung-24-lon-250ml.html,Mua từ 3 giảm 2%,2025-11-22,HEINEKEN_250ML_24
megamarket,,"Bia Heineken Premium Sleek, thùng 24 lon, 330ml",Heineken,bia heineken premium sleek thung 24 lon 330ml,Thùng,24,,330ml,446000,446000,,https://online.mmvietnam.com/product/bia-heineken-premium-sleek-thung-24-lon-330ml.html,,2025-11-22,HEINEKEN_330ML_24
megamarket,,"Bia Sài Gòn Special Sleek, thùng 24 lon, 330ml",Sài Gòn,bia sai gon special sleek thung 24 lon 330ml,Thùng,24,,330ml,330000,329000,0%,https://online.mmvietnam.com/product/bia-sai-gon-special-sleek-thung-24-lon-330ml.html,,2025-11-22,SÀIGÒN_330ML_24
megamarket,,"Bia Hà Nội, thùng 24 lon, 330ml",Hà Nội,bia ha noi thung 24 lon 330ml,Thùng,24,,330ml,269000,269000,,https://online.mmvietnam.com/product/bia-ha-noi-thung-24-lon-330ml.html,,2025-11-22,HÀNỘI_330ML_24
megamarket,,"Bia Sài Gòn Lager, thùng 24 lon, 330ml",Sài Gòn,bia sai gon lager thung 24 lon 330ml,Thùng,24,,330ml,284000,259000,9%,https://online.mmvietnam.com/product/bia-sai-gon-lager-thung-24-lon-330ml.html,,2025-11-22,SÀIGÒN_330ML_24
megamarket,,"Bia Chang, thùng 24 lon, 330ml",Chang,bia chang thung 24 lon 330ml,Thùng,24,,330ml,380000,380000,,https://online.mmvietnam.com/product/bia-chang-thung-24-lon-330ml.html,Mua từ 3 giảm 2%,2025-11-22,CHANG_330ML_24
megamarket,,"Bia Corona Extra, thùng 24 chai, 300ml",Corona,bia corona extra thung 24 chai 300ml,Thùng,24,,300ml,599000,599000,,https://online.mmvietnam.com/product/bia-corona-extra-thung-24-chai-300ml.html,Mua từ 3 giảm 2.01%,2025-11-22,CORONA_300ML_24
megamarket,,"Bia Larue Special, thùng 24 lon, 330ml",Larue,bia larue special thung 24 lon 330ml,Thùng,24,,330ml,265000,265000,,https://online.mmvietnam.com/product/bia-larue-special-thung-24-lon-330ml.html,Mua từ 3 giảm 2%,2025-11-22,LARUE_330ML_24
megamarket,,"Bia Sapporo Premium, thùng 24 lon, 330ml",Sapporo,bia sapporo premium thung 24 lon 330ml,Thùng,24,,330ml,435000,435000,,https://online.mmvietnam.com/product/bia-sapporo-premium-thung-24-lon-330ml.html,,2025-11-22,SAPPORO_330ML_24
megamarket,,"Bia 333, thùng 24 lon, 330ml",333,bia 333 thung 24 lon 330ml,Thùng,24,,330ml,275000,275000,,https://online.mmvietnam.com/product/bia-333-thung-24-lon-330ml.html,,2025-11-22,333_330ML_24
megamarket,,"Bia Trúc Bạch Sleek, thùng 24 lon, 330ml",Trúc Bạch Sleek,bia truc bach sleek thung 24 lon 330ml,Thùng,24,,330ml,435000,435000,,https://online.mmvietnam.com/product/bia-truc-bach-sleek-thung-24-lon-330ml.html,Mua từ 3 giảm 2%,2025-11-22,TRÚCBẠCHSLEEK_330ML_24
megamarket,,"Bia 1664 Blanc, thùng 24 chai, 330ml",1664 Blanc,bia 1664 blanc thung 24 chai 330ml,Thùng,24,,330ml,461000,461000,,https://online.mmvietnam.com/product/bia-1664-blanc-thung-24-chai-330ml.html,Mua từ 3 giảm 2%,2025-11-22,1664BLANC_330ML_24
megamarket,,"Bia Tiger, thùng 24 lon, 250ml",Tiger,bia tiger thung 24 lon 250ml,Thùng,24,,250ml,265000,265000,,https://online.mmvietnam.com/product/bia-tiger-thung-24-lon-250ml.html,,2025-11-22,TIGER_250ML_24
megamarket,,"Bia Hanoi Premium, thùng 24 lon, 330ml",,bia hanoi premium thung 24 lon 330ml,Thùng,24,,330ml,319000,319000,,https://online.mmvietnam.com/product/bia-hanoi-premium-thung-24-lon-330ml.html,Mua từ 3 giảm 1.98%,2025-11-22,330ML_24
megamarket,,"Bia Halida, thùng 24 lon, 330ml",Halida,bia halida thung 24 lon 330ml,Thùng,24,,330ml,234000,234000,,https://online.mmvietnam.com/product/bia-halida-thung-24-lon-330ml.html,Mua từ 3 giảm 1.97%,2025-11-22,HALIDA_330ML_24
megamarket,,"Bia Larue Smooth, thùng 24 lon, 330ml",Larue,bia larue smooth thung 24 lon 330ml,Thùng,24,,330ml,280000,280000,,https://online.mmvietnam.com/product/bia-larue-smooth-thung-24-lon-330ml.html,Mua từ 3 giảm 2%,2025-11-22,LARUE_330ML_24
megamarket,,"Bia Larue, thùng 24 lon, 330ml",Larue,bia larue thung 24 lon 330ml,Thùng,24,,330ml,265000,265000,,https://online.mmvietnam.com/product/bia-larue-thung-24-lon-330ml.html,Mua từ 3 giảm 2%,2025-11-22,LARUE_330ML_24
megamarket,,"Bia Huda, thùng 24 lon, 330ml",Huda,bia huda thung 24 lon 330ml,Thùng,24,,330ml,280000,280000,,https://online.mmvietnam.com/product/bia-huda-thung-24-lon-330ml.html,Mua từ 3 giảm 2%,2025-11-22,HUDA_330ML_24
megamarket,,"Bia Chang, thùng 24 chai, 320ml",Chang,bia chang thung 24 chai 320ml,Thùng,24,,320ml,498000,498000,,https://online.mmvietnam.com/product/bia-chang-thung-24-chai-320ml.html,Mua từ 3 giảm 2.01%,2025-11-22,CHANG_320ML_24
megamarket,,"Bia Tiger Crystal, thùng 24 lon, 250ml",Tiger,bia tiger crystal thung 24 lon 250ml,Thùng,24,,250ml,300000,300000,,https://online.mmvietnam.com/product/bia-tiger-crystal-thung-24-lon-250ml.html,,2025-11-22,TIGER_250ML_24
megamarket,,"Bia 333 Pilsner, thùng 24 lon, 330ml",333,bia 333 pilsner thung 24 lon 330ml,Thùng,24,,330ml,314000,302000,4%,https://online.mmvietnam.com/product/333-pilsner-beer-330ml-24ca.html,,2025-11-22,333_330ML_24
megamarket,,"Bia Budweiser Sleek, thùng 24 lon, 330ml",Budweiser,bia budweiser sleek thung 24 lon 330ml,Thùng,24,,330ml,389000,389000,,https://online.mmvietnam.com/product/bia-budweiser-sleek-thung-24-lon-330ml.html,,2025-11-22,BUDWEISER_330ML_24
megamarket,,"Bia Budweiser Sleek, lốc 6 lon, 330ml",Budweiser,bia budweiser sleek loc 6 lon 330ml,Lon,6,,330ml,115000,115000,,https://online.mmvietnam.com/product/bia-budweiser-sleek-loc-6-lon-330ml-413104.html,,2025-11-22,BUDWEISER_330ML_6
megamarket,,"Bia 1664 Blanc, thùng 24 lon, 330ml",1664 Blanc,bia 1664 blanc thung 24 lon 330ml,Thùng,24,,330ml,401000,338000,16%,https://online.mmvietnam.com/product/bia-1664-blanc-thung-24-lon-330ml.html,,2025-11-22,1664BLANC_330ML_24
megamarket,,"Bia Việt, thùng 24 lon, 330ml",Bia Việt,bia viet thung 24 lon 330ml,Thùng,24,,330ml,257000,257000,,https://online.mmvietnam.com/product/bia-viet-thung-24-lon-330ml.html,,2025-11-22,BIAVIỆT_330ML_24
megamarket,,"Bia Budweiser Aluminum, lốc 6 chai, 355ml",Budweiser,bia budweiser aluminum loc 6 chai 355ml,Chai,6,,355ml,261000,261000,,https://online.mmvietnam.com/product/bia-budweiser-aluminum-loc-6-chai-355ml.html,,2025-11-22,BUDWEISER_355ML_6
megamarket,,"Bia Edelweiss, thùng 24 lon, 330ml",Edelweiss,bia edelweiss thung 24 lon 330ml,Thùng,24,,330ml,471000,471000,,https://online.mmvietnam.com/product/bia-edelweiss-thung-24-lon-330ml.html,,2025-11-22,EDELWEISS_330ML_24
megamarket,,"Bia Chimay Bruin, 750ml",Chimay,bia chimay bruin 750ml,,1,,750ml,266000,266000,,https://online.mmvietnam.com/product/bia-chimay-bruin-750ml.html,Mua từ 3 giảm 2%,2025-11-22,CHIMAY_750ML_1
megamarket,,"Bia Chimay Blue, 750ml",Chimay,bia chimay blue 750ml,,1,,750ml,296000,296000,,https://online.mmvietnam.com/product/bia-chimay-blue-750ml.html,Mua từ 3 giảm 2.03%,2025-11-22,CHIMAY_750ML_1
megamarket,,"Bia Tuborg Ice, thùng 24 lon, 330ml",Tuborg,bia tuborg ice thung 24 lon 330ml,Thùng,24,,330ml,385000,385000,,https://online.mmvietnam.com/product/bia-tuborg-ice-thung-24-lon-330ml.html,,2025-11-22,TUBORG_330ML_24
megamarket,,"Bia Sài Gòn Export Premium, thùng 24 lon, 330ml",Sài Gòn,bia sai gon export premium thung 24 lon 330ml,Thùng,24,,330ml,270000,265000,2%,https://online.mmvietnam.com/product/bia-sai-gon-export-premium-thung-24-lon-330ml.html,,2025-11-22,SÀIGÒN_330ML_24
megamarket,,"Bia Hoegaarden đào, thùng 12 lon, 500ml",Hoegaarden,bia hoegaarden ao thung 12 lon 500ml,Thùng,12,,500ml,435000,435000,,https://online.mmvietnam.com/product/bia-hoegaarden-dao-thung-12-lon-500ml.html,,2025-11-22,HOEGAARDEN_500ML_12
megamarket,,"Bia Carlsberg Pilsner, lốc 6 lon, 330ml",Carlsberg,bia carlsberg pilsner loc 6 lon 330ml,Lon,6,,330ml,112000,112000,,https://online.mmvietnam.com/product/bia-carlsberg-pilsner-loc-6-lon-330ml.html,,2025-11-22,CARLSBERG_330ML_6
megamarket,,"Bia Tiger Crystal, 4 lốc, 6 lon, 330ml",Tiger,bia tiger crystal 4 loc 6 lon 330ml,Lon,6,,330ml,396000,396000,,https://online.mmvietnam.com/product/bia-tiger-crystal-330ml-loc-6-lon-4.html,,2025-11-22,TIGER_330ML_6
megamarket,,"Bia Edelweiss, lốc 4 lon, 330ml",Edelweiss,bia edelweiss loc 4 lon 330ml,Lon,4,,330ml,78000,78000,,https://online.mmvietnam.com/product/bia-edelweiss-loc-4-lon-330ml.html,,2025-11-22,EDELWEISS_330ML_4
megamarket,,"Bia 333, lốc 6 lon, 330ml",333,bia 333 loc 6 lon 330ml,Lon,6,,330ml,68000,68000,,https://online.mmvietnam.com/product/bia-333-loc-6-lon-330ml.html,,2025-11-22,333_330ML_6
megamarket,,"Bia Saigon Lager, lốc 6 lon, 330ml",,bia saigon lager loc 6 lon 330ml,Lon,6,,330ml,72300,72300,,https://online.mmvietnam.com/product/bia-saigon-lager-loc-6-lon-330ml.html,Mua từ 3 giảm 1.94%,2025-11-22,330ML_6
megamarket,,"Nước trái cây lên men Strongbow vị thơm và lựu, lốc 6 lon, 32CL",Strongbow,nuoc trai cay len men strongbow vi thom va luu loc 6 lon 32cl,Lon,6,,32cl,106000,106000,,https://online.mmvietnam.com/product/nuoc-trai-cay-len-men-strongbow-vi-thom-va-luu-loc-6-lon-32cl.html,,2025-11-22,STRONGBOW_32CL_6
megamarket,,"Nước trái cây lên men Strongbow vị kiwi và thanh long, lốc 6 lon, 32CL",Strongbow,nuoc trai cay len men strongbow vi kiwi va thanh long loc 6 lon 32cl,Lon,6,,32cl,106000,106000,,https://online.mmvietnam.com/product/nuoc-trai-cay-len-men-strongbow-vi-kiwi-va-thanh-long-loc-6-lon-32cl.html,,2025-11-22,STRONGBOW_32CL_6
megamarket,,"Nước trái cây lên men Strongbow thơm lựu, thùng 24 chai, 33CL",Strongbow,nuoc trai cay len men strongbow thom luu thung 24 chai 33cl,Thùng,24,,33cl,413000,389000,6%,https://online.mmvietnam.com/product/nuoc-trai-cay-len-men-strongbow-thom-luu-thung-24-chai-33cl.html,,2025-11-22,STRONGBOW_33CL_24
megamarket,,"Bia Edelweiss, lốc 6 lon, 330ml",Edelweiss,bia edelweiss loc 6 lon 330ml,Lon,6,,330ml,116000,116000,,https://online.mmvietnam.com/product/bia-edelweiss-loc-6-lon-330ml.html,,2025-11-22,EDELWEISS_330ML_6
megamarket,,"Nước táo lên men Somersby mâm xôi, lốc 6 chai, 330ml",Somersby,nuoc tao len men somersby mam xoi loc 6 chai 330ml,Chai,6,,330ml,109000,109000,,https://online.mmvietnam.com/product/nuoc-tao-len-men-somersby-mam-xoi-loc-6-chai-330ml.html,,2025-11-22,SOMERSBY_330ML_6
megamarket,,"Bia Hoegaarden White, lốc 6 lon, 330ml",Hoegaarden,bia hoegaarden white loc 6 lon 330ml,Lon,6,,330ml,169000,169000,,https://online.mmvietnam.com/product/bia-hoegaarden-white-loc-6-lon-330ml.html,,2025-11-22,HOEGAARDEN_330ML_6
megamarket,,"Bia Hoegaarden White, lốc 6 chai, 330ml",Hoegaarden,bia hoegaarden white loc 6 chai 330ml,Chai,6,,330ml,192000,192000,,https://online.mmvietnam.com/product/bia-hoegaarden-white-loc-6-chai-330ml.html,,2025-11-22,HOEGAARDEN_330ML_6
megamarket,,"Bia Hoegaarden White, thùng 24 chai, 330ml",Hoegaarden,bia hoegaarden white thung 24 chai 330ml,Thùng,24,,330ml,751000,751000,,https://online.mmvietnam.com/product/bia-hoegaarden-white-thung-24-chai-330ml.html,Mua từ 3 giảm 2%,2025-11-22,HOEGAARDEN_330ML_24
megamarket,,"Bia Hoegaarden Rosee, thùng 24 chai, 248ml",Hoegaarden,bia hoegaarden rosee thung 24 chai 248ml,Thùng,24,,248ml,459000,459000,,https://online.mmvietnam.com/product/bia-hoegaarden-rosee-thung-24-chai-248ml-413040.html,Mua từ 3 giảm 1.99%,2025-11-22,HOEGAARDEN_248ML_24
megamarket,,"Bia Tiger Sleek, thùng 24 lon, 330ml",Tiger,bia tiger sleek thung 24 lon 330ml,Thùng,24,,330ml,370000,370000,,https://online.mmvietnam.com/product/bia-tiger-sleek-thung-24-lon-330ml.html,,2025-11-22,TIGER_330ML_24
megamarket,,"Bia hơi Hà Nội, thùng 24 lon, 500ml",Hà Nội,bia hoi ha noi thung 24 lon 500ml,Thùng,24,,500ml,379900,379900,,https://online.mmvietnam.com/product/bia-hoi-ha-noi-thung-24-lon-500ml.html,Mua từ 3 giảm 1.98%,2025-11-22,HÀNỘI_500ML_24
megamarket,,"Bia Larue Special, lốc 6 lon, 330ml",Larue,bia larue special loc 6 lon 330ml,Lon,6,,330ml,67000,67000,,https://online.mmvietnam.com/product/bia-larue-special-loc-6-lon-330ml.html,Mua từ 3 giảm 1.95%,2025-11-22,LARUE_330ML_6
megamarket,,"Bia Sài Gòn Export Premium, lốc 6 lon, 330ml",Sài Gòn,bia sai gon export premium loc 6 lon 330ml,Lon,6,,330ml,69000,69000,,https://online.mmvietnam.com/product/bia-sai-gon-export-premium-loc-6-lon-330ml.html,,2025-11-22,SÀIGÒN_330ML_6
megamarket,,"Bia Carsberg Pilsner, thùng 24 lon, 330ml",Carlsberg,bia carsberg pilsner thung 24 lon 330ml,Thùng,24,,330ml,443000,443000,,https://online.mmvietnam.com/product/bia-carsberg-pilsner-thung-24-lon-330ml.html,Mua từ 3 giảm 1.99%,2025-11-22,CARLSBERG_330ML_24
megamarket,,"Bia Tiger Sleek, lốc 6 lon, 330ml",Tiger,bia tiger sleek loc 6 lon 330ml,Lon,6,,330ml,94000,89000,5%,https://online.mmvietnam.com/product/bia-tiger-sleek-loc-6-lon-330ml-lon.html,,2025-11-22,TIGER_330ML_6
megamarket,,"Bia Heineken Silver, lốc 6 lon, 330ml",Heineken,bia heineken silver loc 6 lon 330ml,Lon,6,,330ml,116000,112000,3%,https://online.mmvietnam.com/product/bia-heineken-silver-330ml-6lon.html,,2025-11-22,HEINEKEN_330ML_6
megamarket,,"Bia Sapporo Premium Silver, lốc 6 lon, 330ml",Sapporo,bia sapporo premium silver loc 6 lon 330ml,Lon,6,,330ml,111000,111000,,https://online.mmvietnam.com/product/bia-sapporo-premium-silver-loc-6-lon-330ml.html,,2025-11-22,SAPPORO_330ML_6
megamarket,,"Nước trái cây lên men Strongbow kiwi thanh long, thùng 24 chai, 33CL",Strongbow,nuoc trai cay len men strongbow kiwi thanh long thung 24 chai 33cl,Thùng,24,,33cl,409000,389000,5%,https://online.mmvietnam.com/product/nuoc-trai-cay-len-men-strongbow-kiwi-thanh-long-thung-24-chai-33cl.html,,2025-11-22,STRONGBOW_33CL_24
megamarket,,"Nước trái cây lên men Strongbow thơm lựu, thùng 24 lon, 32CL",Strongbow,nuoc trai cay len men strongbow thom luu thung 24 lon 32cl,Thùng,24,,32cl,419000,419000,,https://online.mmvietnam.com/product/nuoc-trai-cay-len-men-strongbow-thom-luu-thung-24-lon-32cl.html,,2025-11-22,STRONGBOW_32CL_24
megamarket,,"Nước trái cây lên men Strongbow kiwi, thùng 24 lon, 32CL",Strongbow,nuoc trai cay len men strongbow kiwi thung 24 lon 32cl,Thùng,24,,32cl,419000,419000,,https://online.mmvietnam.com/product/nuoc-trai-cay-len-men-strongbow-kiwi-thung-24-lon-32cl.html,,2025-11-22,STRONGBOW_32CL_24
megamarket,,"Nước táo lên men Strongbow dâu đen, thùng 24 chai, 33CL",Strongbow,nuoc tao len men strongbow dau en thung 24 chai 33cl,Thùng,24,,33cl,419000,419000,,https://online.mmvietnam.com/product/nuoc-tao-len-men-strongbow-dau-den-thung-24-lon-320ml.html,Mua từ 3 giảm 1.99%,2025-11-22,STRONGBOW_33CL_24
megamarket,,"Nước táo lên men Strongbow táo, thùng 24 lon, 33CL",Strongbow,nuoc tao len men strongbow tao thung 24 lon 33cl,Thùng,24,,33cl,419000,419000,,https://online.mmvietnam.com/product/nuoc-tao-len-men-strongbow-tao-thung-24-lon-320ml.html,Mua từ 3 giảm 1.99%,2025-11-22,STRONGBOW_33CL_24
megamarket,,"Bia Tiger Soju Plum, lốc 6 lon, 330ml",Tiger,bia tiger soju plum loc 6 lon 330ml,Lon,6,,330ml,115000,115000,,https://online.mmvietnam.com/product/bia-tiger-soju-plum-330ml.html,,2025-11-22,TIGER_330ML_6
megamarket,,"Bia Tiger Soju Melon, lốc 6 lon, 330ml",Tiger,bia tiger soju melon loc 6 lon 330ml,Lon,6,,330ml,115000,115000,,https://online.mmvietnam.com/product/bia-tiger-soju-melon-330ml.html,,2025-11-22,TIGER_330ML_6
megamarket,,"Bia Tiger Soju Plum, thùng 20 lon, 330ml",Tiger,bia tiger soju plum thung 20 lon 330ml,Thùng,20,,330ml,384000,384000,,https://online.mmvietnam.com/product/bia-tiger-soju-platium-thung-20-lon-330ml.html,Mua từ 3 giảm 1.98%,2025-11-22,TIGER_330ML_20
megamarket,,"Bia Tiger Soju Melon, thùng 20 lon, 330ml",Tiger,bia tiger soju melon thung 20 lon 330ml,Thùng,20,,330ml,384000,384000,,https://online.mmvietnam.com/product/bia-tiger-soju-melon-thung-20-lon-330ml.html,Mua từ 3 giảm 1.98%,2025-11-22,TIGER_330ML_20
megamarket,,"Bia Hoegaarden Rosee, lốc 6 chai, 248ml",Hoegaarden,bia hoegaarden rosee loc 6 chai 248ml,Chai,6,,248ml,116000,116000,,https://online.mmvietnam.com/product/bia-hoegaarden-rosee-loc-6-chai-248ml-413113.html,,2025-11-22,HOEGAARDEN_248ML_6
megamarket,,"Bia Sài Gòn chill, lốc 6 lon, 330ml",Sài Gòn,bia sai gon chill loc 6 lon 330ml,Lon,6,,330ml,100000,100000,,https://online.mmvietnam.com/product/bia-sai-gon-chill-loc-6-lon-330ml.html,Mua từ 3 giảm 2%,2025-11-22,SÀIGÒN_330ML_6
megamarket,,"Bia Heineken, lốc 6 lon, 330ml",Heineken,bia heineken loc 6 lon 330ml,Lon,6,,330ml,112000,112000,,https://online.mmvietnam.com/product/bia-heineken-330ml-6lon.html,,2025-11-22,HEINEKEN_330ML_6
megamarket,,"Bia Sapporo Silver Can, lốc 6 lon, 650ml",Sapporo,bia sapporo silver can loc 6 lon 650ml,Lon,6,,650ml,421000,375000,11%,https://online.mmvietnam.com/product/bia-sapporo-silver-can-loc-6-lon-650ml.html,,2025-11-22,SAPPORO_650ML_6
megamarket,,"Nước táo lên men Strongbow dâu đen, lốc 6 lon, 32CL",Strongbow,nuoc tao len men strongbow dau en loc 6 lon 32cl,Lon,6,,32cl,106000,106000,,https://online.mmvietnam.com/product/nuoc-tao-len-men-strongbow-dau-den-loc-6-lon-32cl.html,Mua từ 3 giảm 1.99%,2025-11-22,STRONGBOW_32CL_6
megamarket,,"Nước táo lên men Strongbow dâu đỏ, lốc 6 lon, 32CL",Strongbow,nuoc tao len men strongbow dau o loc 6 lon 32cl,Lon,6,,32cl,106000,106000,,https://online.mmvietnam.com/product/nuoc-tao-len-men-strongbow-dau-do-loc-6-lon-32cl.html,Mua từ 3 giảm 1.99%,2025-11-22,STRONGBOW_32CL_6
megamarket,,"Nước táo lên men Strongbow dâu đỏ, thùng 24 lon, 33CL",Strongbow,nuoc tao len men strongbow dau o thung 24 lon 33cl,Thùng,24,,33cl,419000,419000,,https://online.mmvietnam.com/product/nuoc-tao-len-men-strongbow-dau-do-thung-24-lon-320ml.html,,2025-11-22,STRONGBOW_33CL_24
megamarket,,"Bia East West Summer, thùng 12 lon, 330ml",East West,bia east west summer thung 12 lon 330ml,Thùng,12,,330ml,489000,489000,,https://online.mmvietnam.com/product/bia-east-west-summer-thung-12-lon-330ml.html,,2025-11-22,EASTWEST_330ML_12
megamarket,,"Chill Cocktail Light Mix, lốc 6 lon, 330ml",Chill,chill cocktail light mix loc 6 lon 330ml,Lon,6,,330ml,145000,145000,,https://online.mmvietnam.com/product/chill-cocktail-light-mix-loc-6-lon-330ml.html,Mua từ 3 giảm 2.07%,2025-11-22,CHILL_330ML_6
megamarket,,"Bia Corona Extra, lốc 6 chai, 300ml",Corona,bia corona extra loc 6 chai 300ml,Chai,6,,300ml,151000,151000,,https://online.mmvietnam.com/product/bia-corona-extra-loc-6-chai-300ml.html,,2025-11-22,CORONA_300ML_6
megamarket,,"Bia 1664 Blanc, lốc 6 lon, 330ml",1664 Blanc,bia 1664 blanc loc 6 lon 330ml,Lon,6,,330ml,102000,102000,,https://online.mmvietnam.com/product/bia-1664-blanc-loc-6-lon-330ml.html,,2025-11-22,1664BLANC_330ML_6
megamarket,,"Bia Budweiser, lốc 6 lon, 500ml",Budweiser,bia budweiser loc 6 lon 500ml,Lon,6,,500ml,178000,178000,,https://online.mmvietnam.com/product/bia-budweiser-loc-6-lon-500ml-413091.html,,2025-11-22,BUDWEISER_500ML_6
megamarket,,"Bia Hoegaarden White, thùng 24 lon, 330ml",Hoegaarden,bia hoegaarden white thung 24 lon 330ml,Thùng,24,,330ml,678000,678000,,https://online.mmvietnam.com/product/bia-hoegaarden-white-thung-24-lon-330ml.html,Mua từ 3 giảm 2%,2025-11-22,HOEGAARDEN_330ML_24
megamarket,,"Bia Budweiser, thùng 12 lon, 500ml",Budweiser,bia budweiser thung 12 lon 500ml,Thùng,12,,500ml,299000,299000,,https://online.mmvietnam.com/product/2-bia-budweiser-thung-12-lon-500ml.html,Mua từ 3 giảm 1.99%,2025-11-22,BUDWEISER_500ML_12
megamarket,,"Bia Budweiser Aluminum, thùng 24 lon, 355ml",Budweiser,bia budweiser aluminum thung 24 lon 355ml,Thùng,24,,355ml,1029000,1029000,,https://online.mmvietnam.com/product/bia-budweiser-aluminum-thung-24-lon-355ml.html,Mua từ 3 giảm 2%,2025-11-22,BUDWEISER_355ML_24
megamarket,,"Bia Red Horse, thùng 12 lon, 500ml",Red Horse,bia red horse thung 12 lon 500ml,Thùng,12,,500ml,299000,299000,,https://online.mmvietnam.com/product/bia-red-horse-thung-12-lon-500ml.html,Mua từ 3 giảm 2.01%,2025-11-22,REDHORSE_500ML_12
megamarket,,"Bia San Miguel Blanca, thùng 24 lon, 490ml",1664 Blanc,bia san miguel blanca thung 24 lon 490ml,Thùng,24,,490ml,999000,999000,,https://online.mmvietnam.com/product/bia-san-miguel-blanca-thung-24-lon-490ml.html,Mua từ 3 giảm 2.01%,2025-11-22,1664BLANC_490ML_24
megamarket,,"Bia Sapporo Premium 100, lốc 6 lon, 330ml",Sapporo,bia sapporo premium 100 loc 6 lon 330ml,Lon,6,,330ml,117000,117000,,https://online.mmvietnam.com/product/bia-sapporo-pre-100-loc-6-lon-330ml.html,Mua từ 3 giảm 1.97%,2025-11-22,SAPPORO_330ML_6
megamarket,,"Bia Sapporo Premium 100, thùng 24 lon, 330ml",Sapporo,bia sapporo premium 100 thung 24 lon 330ml,Thùng,24,,330ml,464000,464000,,https://online.mmvietnam.com/product/bia-sapporo-pre-100-thung-24-lon-330ml.html,Mua từ 3 giảm 1.99%,2025-11-22,SAPPORO_330ML_24
megamarket,,"Bia Saigon Special Sleek, lốc 6 lon, 330ml",,bia saigon special sleek loc 6 lon 330ml,Lon,6,,330ml,83000,83000,,https://online.mmvietnam.com/product/bia-saigon-special-sleek-loc-6-lon-330ml.html,,2025-11-22,330ML_6
megamarket,,"Bia Far East Ipa, thùng 12 lon, 330ml",,bia far east ipa thung 12 lon 330ml,Thùng,12,,330ml,529000,529000,,https://online.mmvietnam.com/product/bia-far-east-ipa-thung-12-lon-330ml.html,Mua từ 3 giảm 1.99%,2025-11-22,330ML_12
megamarket,,"Bia East West Pale Ale, thùng 12 lon, 330ml",East West,bia east west pale ale thung 12 lon 330ml,Thùng,12,,330ml,495000,495000,,https://online.mmvietnam.com/product/bia-east-west-pale-ale-thung-12-lon-330ml.html,Mua từ 3 giảm 2.03%,2025-11-22,EASTWEST_330ML_12
megamarket,,"Bia Sapporo Premium, thùng 12 lon, 500ml",Sapporo,bia sapporo premium thung 12 lon 500ml,Thùng,12,,500ml,355000,355000,,https://online.mmvietnam.com/product/bia-sapporo-premium-thung-12-lon-500ml.html,Mua từ 3 giảm 2%,2025-11-22,SAPPORO_500ML_12
megamarket,,"Bia Larue, lốc 6 lon, 330ml",Larue,bia larue loc 6 lon 330ml,Lon,6,,330ml,66500,66500,,https://online.mmvietnam.com/product/bia-larue-loc-6-lon-330ml.html,Mua từ 3 giảm 1.96%,2025-11-22,LARUE_330ML_6
megamarket,,"Bia Halida, lốc 6 lon, 330ml",Halida,bia halida loc 6 lon 330ml,Lon,6,,330ml,58000,58000,,https://online.mmvietnam.com/product/bia-halida-loc-6-lon-330ml.html,Mua từ 3 giảm 1.9%,2025-11-22,HALIDA_330ML_6
megamarket,,"Bia Tuborg, thùng 24 lon, 330ml",Tuborg,bia tuborg thung 24 lon 330ml,Thùng,24,,330ml,341000,341000,,https://online.mmvietnam.com/product/bia-tuborg-thung-24-lon-330ml.html,Mua từ 3 giảm 2%,2025-11-22,TUBORG_330ML_24
megamarket,,"Bia Tiger Crytal, lốc 6 lon, 330ml",Tiger,bia tiger crytal loc 6 lon 330ml,Lon,6,,330ml,100000,100000,,https://online.mmvietnam.com/product/bia-tiger-crystal-330ml-6lon.html,,2025-11-22,TIGER_330ML_6
megamarket,,"Bia Heineken Silver Alu, thùng 12 lon, 330ml",Heineken,bia heineken silver alu thung 12 lon 330ml,Thùng,12,,330ml,516000,475000,8%,https://online.mmvietnam.com/product/heineken-silv-beer-alu330ml-12-475324-24753241.html,,2025-11-22,HEINEKEN_330ML_12
megamarket,,"Bia Budweiser 0.0, lốc 6 lon, 330ml",Budweiser,bia budweiser 0 0 loc 6 lon 330ml,Lon,6,,330ml,108000,108000,,https://online.mmvietnam.com/product/beer-budweiser-0-0-330ml-6l-474909-24749091.html,,2025-11-22,BUDWEISER_330ML_6
megamarket,,"Bia Budweiser 0.0, thùng 24 lon, 330ml",Budweiser,bia budweiser 0 0 thung 24 lon 330ml,Thùng,24,,330ml,420000,420000,,https://online.mmvietnam.com/product/beer-budweiser-0-0-330ml-24l-474907-24749077.html,,2025-11-22,BUDWEISER_330ML_24
megamarket,,"Bia Hoegaarden Rose, lốc 6 lon, 250ml",Hoegaarden,bia hoegaarden rose loc 6 lon 250ml,Lon,6,,250ml,100000,100000,,https://online.mmvietnam.com/product/beer-hoegaarden-rose250ml-6ca-474631-24746311.html,,2025-11-22,HOEGAARDEN_250ML_6
megamarket,,"Bia Hoegaarden White, lốc 6 lon, 250ml",Hoegaarden,bia hoegaarden white loc 6 lon 250ml,Lon,6,,250ml,100000,100000,,https://online.mmvietnam.com/product/beer-hoegaarden-white250ml-6ca-474579-24745796.html,,2025-11-22,HOEGAARDEN_250ML_6
megamarket,,"Bia Hoegaarden Rose, thùng 24 lon, 250ml",Hoegaarden,bia hoegaarden rose thung 24 lon 250ml,Thùng,24,,250ml,399000,399000,,https://online.mmvietnam.com/product/beer-hoegaarden-rose250ml-24ca-474578-24745789.html,,2025-11-22,HOEGAARDEN_250ML_24
megamarket,,"Bia Hoegaarden White, thùng 24 lon, 250ml",Hoegaarden,bia hoegaarden white thung 24 lon 250ml,Thùng,24,,250ml,399000,399000,,https://online.mmvietnam.com/product/beer-hoegaarden-white250ml-24c-474577-24745772.html,,2025-11-22,HOEGAARDEN_250ML_24
megamarket,,"Bia Sài Gòn Chill, lốc 6 lon, 250ml",Sài Gòn,bia sai gon chill loc 6 lon 250ml,Lon,6,,250ml,71000,71000,,https://online.mmvietnam.com/product/beer-saigon-chill-250ml-6l-473694-24736947.html,,2025-11-22,SÀIGÒN_250ML_6
megamarket,,"Bia Saigon Chill, thùng 24 lon, 250ml",Chill,bia saigon chill thung 24 lon 250ml,Thùng,24,,250ml,263900,263900,,https://online.mmvietnam.com/product/beer-saigon-chill-250ml-24l-473689-24736893.html,,2025-11-22,CHILL_250ML_24
megamarket,,"Bia Saigon Chill, thùng 20 lon, 330ml",Chill,bia saigon chill thung 20 lon 330ml,Thùng,20,,330ml,320000,320000,,https://online.mmvietnam.com/product/bia-saigon-chill-330ml-20l.html,,2025-11-22,CHILL_330ML_20
megamarket,,"Bia Heineken 0.0, thùng 24 lon, 250ml",Heineken,bia heineken 0 0 thung 24 lon 250ml,Thùng,24,,250ml,300000,300000,,https://online.mmvietnam.com/product/bia-heineken-0-0-thung-24-lon-250ml.html,,2025-11-22,HEINEKEN_250ML_24
megamarket,,"Bia Heineken 0.0, lốc 6 lon, 250ml",Heineken,bia heineken 0 0 loc 6 lon 250ml,Lon,6,,250ml,79000,79000,,https://online.mmvietnam.com/product/bia-heineken-0-0-loc-6-lon-250ml.html,,2025-11-22,HEINEKEN_250ML_6
megamarket,,"Bia Lạc Việt lon cao, thùng 24 lon, 330ml",Lạc Việt,bia lac viet lon cao thung 24 lon 330ml,Thùng,24,,330ml,252000,252000,,https://online.mmvietnam.com/product/bia-lac-viet-lon-cao-thung-24-lon-330ml.html,,2025-11-22,LẠCVIỆT_330ML_24
megamarket,,"Bia Lạc Việt lon cao, lốc 6 lon, 330ml",Lạc Việt,bia lac viet lon cao loc 6 lon 330ml,Lon,6,,330ml,65000,65000,,https://online.mmvietnam.com/product/bia-lac-viet-lon-cao-loc-6-lon-330ml.html,,2025-11-22,LẠCVIỆT_330ML_6
megamarket,,"Bia Tsingtao 1903 5%, 500ml",Tsingtao,bia tsingtao 1903 5 500ml,,1,,500ml,56000,56000,,https://online.mmvietnam.com/product/bia-tsingtao-1903-5-lon-500ml.html,,2025-11-22,TSINGTAO_500ML_1
megamarket,,"Bia Tsingtao Lager 5%, lon 640ml",Tsingtao,bia tsingtao lager 5 lon 640ml,Lon,1,,640ml,49000,49000,,https://online.mmvietnam.com/product/bia-tsingtao-lager-5-lon-640ml.html,,2025-11-22,TSINGTAO_640ML_1
megamarket,,"Bia Tsingtao Lager 5%, thùng 12 chai, 640ml",Tsingtao,bia tsingtao lager 5 thung 12 chai 640ml,Thùng,12,,640ml,540000,540000,,https://online.mmvietnam.com/product/bia-tsingtao-lager-5-thung-12-chai-640ml.html,,2025-11-22,TSINGTAO_640ML_12
megamarket,,"Bia Tsingtao 1903 5%, thùng 24 lon, 330ml",Tsingtao,bia tsingtao 1903 5 thung 24 lon 330ml,Thùng,24,,330ml,768000,768000,,https://online.mmvietnam.com/product/bia-tsingtao-1903-5-thung-24-lon-330ml.html,,2025-11-22,TSINGTAO_330ML_24
megamarket,,"Bia Asahi Super Dry, thùng 24 lon, 330ml",Asahi,bia asahi super dry thung 24 lon 330ml,Thùng,24,,330ml,620000,620000,,https://online.mmvietnam.com/product/bia-asahi-super-dry-thung-24-lon-330ml.html,,2025-11-22,ASAHI_330ML_24
megamarket,,"Bia Corona Extra, lốc 6 chai, 250ml",Corona,bia corona extra loc 6 chai 250ml,Chai,6,,250ml,140000,140000,,https://online.mmvietnam.com/product/bia-corona-extra-250ml-6ch.html,,2025-11-22,CORONA_250ML_6
megamarket,,"Bia Corona Extra, thùng 24 chai, 250ml",Corona,bia corona extra thung 24 chai 250ml,Thùng,24,,250ml,560000,560000,,https://online.mmvietnam.com/product/bia-corona-extra-thung-24-chai-250ml.html,,2025-11-22,CORONA_250ML_24
megamarket,,"Bia Bud Budvar vàng, thùng 24 lon, 330ml",,bia bud budvar vang thung 24 lon 330ml,Thùng,24,,330ml,1102000,1102000,,https://online.mmvietnam.com/product/bia-bud-budvar-vang-thung-24-lon-330ml.html,,2025-11-22,330ML_24
megamarket,,"Bia Budweiser, thùng 24+4 lon, 250ml",Budweiser,bia budweiser thung 24 4 lon 250ml,Thùng,4,,250ml,376000,376000,,https://online.mmvietnam.com/product/bia-budweiser-thung-24-4-lon-250ml.html,,2025-11-22,BUDWEISER_250ML_4
megamarket,,"Bia Sanwald Hefeweizen, 500ml",Sanwald,bia sanwald hefeweizen 500ml,,1,,500ml,75000,75000,,https://online.mmvietnam.com/product/bia-sanwald-hefe-weizen-500ml.html,,2025-11-22,SANWALD_500ML_1
megamarket,,"Bia Duvel Strong, 330ml",Duvel,bia duvel strong 330ml,,1,,330ml,69000,69000,,https://online.mmvietnam.com/product/bia-duvel-strong-chai-330ml.html,,2025-11-22,DUVEL_330ML_1
megamarket,,"Bia Duvel Strong, thùng 24 lon, 330ml",Duvel,bia duvel strong thung 24 lon 330ml,Thùng,24,,330ml,1629000,1629000,,https://online.mmvietnam.com/product/bia-duvel-strong-thung-24-lon-330ml.html,,2025-11-22,DUVEL_330ML_24
megamarket,,"Bia Duvel IPA, thùng 24 lon, 330ml",Duvel,bia duvel ipa thung 24 lon 330ml,Thùng,24,,330ml,1995000,1995000,,https://online.mmvietnam.com/product/bia-duvel-ipa-thung-24-lon-330ml.html,,2025-11-22,DUVEL_330ML_24
megamarket,,"Bia Paulaner Oktober, 500ml",Paulaner,bia paulaner oktober 500ml,,1,,500ml,72000,72000,,https://online.mmvietnam.com/product/bia-paulaner-oktober-500ml.html,,2025-11-22,PAULANER_500ML_1
megamarket,,"Bia Paulaner Munich, thùng 20 chai, 500ml",Paulaner,bia paulaner munich thung 20 chai 500ml,Thùng,20,,500ml,1719000,1719000,,https://online.mmvietnam.com/product/bia-paulaner-munich-thung-20-chai-500ml.html,,2025-11-22,PAULANER_500ML_20
megamarket,,"Bia Chimay Gold, 330ml",Chimay,bia chimay gold 330ml,,1,,330ml,112000,112000,,https://online.mmvietnam.com/product/bia-chimay-gold-330ml.html,,2025-11-22,CHIMAY_330ML_1
megamarket,,"Bia Chimay Blue, 330ml",Chimay,bia chimay blue 330ml,,1,,330ml,129000,129000,,https://online.mmvietnam.com/product/bia-chimay-blue-330ml.html,,2025-11-22,CHIMAY_330ML_1
megamarket,,"Nước táo lên men Dalat Cider vị thơm, thùng 12 chai, 330ml",Dalat Cider,nuoc tao len men dalat cider vi thom thung 12 chai 330ml,Thùng,12,,330ml,399000,399000,,https://online.mmvietnam.com/product/nuoc-tao-len-men-dalat-cider-vi-thom-thung-12-chai-330ml.html,,2025-11-22,DALATCIDER_330ML_12
megamarket,,"Nước táo lên men Dalat Cider vị táo, thùng 12 chai, 330ml",Dalat Cider,nuoc tao len men dalat cider vi tao thung 12 chai 330ml,Thùng,12,,330ml,399000,399000,,https://online.mmvietnam.com/product/nuoc-tao-len-men-dalat-cider-vi-tao-thung-12-chai-330ml.html,,2025-11-22,DALATCIDER_330ML_12
megamarket,,"Nước táo lên men Da Lat Cider vị thơm, lốc 12 lon, 330ml",,nuoc tao len men da lat cider vi thom loc 12 lon 330ml,Lon,12,,330ml,352000,352000,,https://online.mmvietnam.com/product/nuoc-tao-len-men-da-lat-cider-vi-thom-loc-12-lon-330ml.html,,2025-11-22,330ML_12
megamarket,,"Nước táo lên men Strongbow táo, lốc 6 lon, 32CL",Strongbow,nuoc tao len men strongbow tao loc 6 lon 32cl,Lon,6,,32cl,106000,106000,,https://online.mmvietnam.com/product/nuoc-tao-len-men-strongbow-tao-loc-6-lon-32cl.html,,2025-11-22,STRONGBOW_32CL_6
megamarket,,"Bia Eastwest Pilsner, thùng 12 lon, 330ml",,bia eastwest pilsner thung 12 lon 330ml,Thùng,12,,330ml,449000,449000,,https://online.mmvietnam.com/product/bia-eastwest-pilsner-thung-12-lon-330ml.html,,2025-11-22,330ML_12
megamarket,,"Bia Hanoi, lốc 6 lon, 330ml",,bia hanoi loc 6 lon 330ml,Lon,6,,330ml,68000,68000,,https://online.mmvietnam.com/product/bia-hanoi-loc-6-lon-330ml.html,,2025-11-22,330ML_6
megamarket,,"Bia 333 Pilsner, lốc 6 lon, 330ml",333,bia 333 pilsner loc 6 lon 330ml,Lon,6,,330ml,79000,77000,3%,https://online.mmvietnam.com/product/bia-333-pilsner-loc-6-lon-330ml.html,,2025-11-22,333_330ML_6
megamarket,,"Bia Tuborg Ice, lốc 6 lon, 330ml",Tuborg,bia tuborg ice loc 6 lon 330ml,Lon,6,,330ml,97000,97000,,https://online.mmvietnam.com/product/bia-tuborg-ice-loc-6-lon-330ml.html,,2025-11-22,TUBORG_330ML_6
megamarket,,"Bia Hanoi Premium, lốc 6 lon, 330ml",,bia hanoi premium loc 6 lon 330ml,Lon,6,,330ml,79900,79900,,https://online.mmvietnam.com/product/bia-hanoi-premium-loc-6-lon-330ml.html,,2025-11-22,330ML_6
megamarket,,"Bia Trúc Bạch IPA, lốc 6 chai, 330ml",Trúc Bạch,bia truc bach ipa loc 6 chai 330ml,Chai,6,,330ml,486000,486000,,https://online.mmvietnam.com/product/bia-truc-bach-ipa-loc-6-chai-330ml.html,Mua từ 3 giảm 2%,2025-11-22,TRÚCBẠCH_330ML_6
megamarket,,"Bia Abbaye Blonde Ale 6%, 330ml",Abbaye,bia abbaye blonde ale 6 330ml,Lon,6,,330ml,105000,105000,,https://online.mmvietnam.com/product/bia-abbaye-blonde-ale-6-330ml.html,Mua từ 3 giảm 2%,2025-11-22,ABBAYE_330ML_6
megamarket,,"Bia Tiger Platinum, lốc 6 lon, 330ml",Tiger,bia tiger platinum loc 6 lon 330ml,Lon,6,,330ml,115000,115000,,https://online.mmvietnam.com/product/bia-tiger-platinum-loc-6-lon-330ml.html,,2025-11-22,TIGER_330ML_6
megamarket,,"Bia Chimay Triple Ale, 330ml",Chimay,bia chimay triple ale 330ml,,1,,330ml,129000,129000,,https://online.mmvietnam.com/product/bia-chimay-triple-ale-330ml.html,Mua từ 3 giảm 1.94%,2025-11-22,CHIMAY_330ML_1
megamarket,,"Bia Việt, lốc 6 lon, 330ml",Bia Việt,bia viet loc 6 lon 330ml,Lon,6,,330ml,69000,69000,,https://online.mmvietnam.com/product/bia-viet-loc-6-lon-330ml.html,,2025-11-22,BIAVIỆT_330ML_6
megamarket,,"Bia Budweiser Budvar, thùng 24 lon, 500ml",Budweiser,bia budweiser budvar thung 24 lon 500ml,Thùng,24,,500ml,1359000,1359000,,https://online.mmvietnam.com/product/bia-budweiser-budvar-thung-24-lon-500ml.html,,2025-11-22,BUDWEISER_500ML_24
megamarket,,"Bia Pilsner Urquell, thùng 24 lon, 500ml",Pilsner Urquell,bia pilsner urquell thung 24 lon 500ml,Thùng,24,,500ml,1489000,1489000,,https://online.mmvietnam.com/product/bia-pilsner-urquell-thung-24-lon-500ml.html,Mua từ 3 giảm 2%,2025-11-22,PILSNERURQUELL_500ML_24
megamarket,,"Bia Tuborg, lốc 6 lon, 330ml",Tuborg,bia tuborg loc 6 lon 330ml,Lon,6,,330ml,88000,88000,,https://online.mmvietnam.com/product/bia-tuborg-loc-6-lon-330ml.html,Mua từ 3 giảm 1.94%,2025-11-22,TUBORG_330ML_6
megamarket,,"Bia Huda, lốc 6 lon, 330ml",Huda,bia huda loc 6 lon 330ml,Lon,6,,330ml,72000,72000,,https://online.mmvietnam.com/product/bia-huda-loc-6-lon-330ml.html,Mua từ 3 giảm 1.95%,2025-11-22,HUDA_330ML_6
megamarket,,"Bia Budweiser Budvar, thùng 24 lon, 330ml",Budweiser,bia budweiser budvar thung 24 lon 330ml,Thùng,24,,330ml,1050000,1050000,,https://online.mmvietnam.com/product/bia-budweiser-budvar-thung-24-lon-330ml.html,Mua từ 3 giảm 2%,2025-11-22,BUDWEISER_330ML_24
megamarket,,"Bia Budweiser Budvar, lon 330ml",Budweiser,bia budweiser budvar lon 330ml,Lon,1,,330ml,44000,44000,,https://online.mmvietnam.com/product/bia-budweiser-budvar-lon-330ml.html,,2025-11-22,BUDWEISER_330ML_1
megamarket,,"Bia G De Grand Cru, 330ml",G De Grand Cru,bia g de grand cru 330ml,,1,,330ml,139000,139000,,https://online.mmvietnam.com/product/bia-g-de-grand-cru-330ml.html,Mua từ 3 giảm 1.95%,2025-11-22,GDEGRANDCRU_330ML_1
megamarket,,"Bia Budweiser Budvar đen, thùng 24 chai, 330ml",Budweiser,bia budweiser budvar en thung 24 chai 330ml,Thùng,24,,330ml,1102000,1102000,,https://online.mmvietnam.com/product/bia-budweiser-budvar-den-thung-24-chai-330ml.html,Mua từ 3 giảm 2%,2025-11-22,BUDWEISER_330ML_24
